subject,test_acc
1,0.9097222222222222
2,0.6666666666666666
3,0.9513888888888888
4,0.84375
5,0.7256944444444444
6,0.7395833333333334
7,0.8958333333333334
8,0.8958333333333334
9,0.8923611111111112
