subject,test_acc
1,0.8506944444444444
2,0.5868055555555556
3,0.9513888888888888
4,0.7986111111111112
5,0.7048611111111112
6,0.6458333333333334
7,0.9131944444444444
8,0.8263888888888888
9,0.8576388888888888
