subject,test_acc
1,0.875
2,0.7222
3,0.9236111111111112
4,0.8645833333333334
5,0.7708
6,0.7743
7,0.8958333333333334
8,0.8645833333333334
9,0.8090277777777778
