subject,test_acc
1,0.9655172413793104
2,0.7241379310344828
3,0.9827586206896551
4,0.8793103448275862
5,0.7241379310344828
6,0.7413793103448276
7,0.896551724137931
8,1.0
9,0.896551724137931
