subject,test_acc
1,0.8055555555555556
2,0.4722222222222222
3,0.8611111111111112
4,0.5868055555555556
5,0.4618055555555556
6,0.5590277777777778
7,0.7534722222222222
8,0.8020833333333334
9,0.78125
