subject,test_acc,model
2,0.5763888888888888,UnifiedEEGNet
3,0.8854166666666666,UnifiedEEGNet
5,0.5902777777777778,UnifiedEEGNet
