subject,test_acc,model
2,0.7430555555555556,AlignedEEGNet
3,0.9479166666666666,AlignedEEGNet
5,0.7638888888888888,AlignedEEGNet
