subject,test_acc,model
1,0.8229166666666666,UnifiedEEGNet
2,0.4548611111111111,UnifiedEEGNet
3,0.8854166666666666,UnifiedEEGNet
4,0.6388888888888888,UnifiedEEGNet
5,0.4791666666666667,UnifiedEEGNet
6,0.5729166666666666,UnifiedEEGNet
7,0.7465277777777778,UnifiedEEGNet
8,0.8229166666666666,UnifiedEEGNet
9,0.8090277777777778,UnifiedEEGNet
