subject,test_acc,model
2,0.7708333333333334,UnifiedEEGNet
3,0.9409722222222222,UnifiedEEGNet
5,0.7465277777777778,UnifiedEEGNet
