subject,test_acc,model
2,0.5208333333333334,UnifiedEEGNet
3,0.9097222222222222,UnifiedEEGNet
5,0.5555555555555556,UnifiedEEGNet
